Player,Ht,Wt,40yd,Vertical,Bench,Broad Jump,3Cone,Shuttle,Player-additional,Rnd,Pick,Tm,Pos,Age,To,AP1,PB,St,wAV,DrAV,G,Cmp,Att,Yds,TD,Int,Att.1,Yds.1,TD.1,Rec,Yds.2,TD.2,Solo,Int.1,Sk,-9999
Hakeem Adeniji,6-4,302,5.17,34.0,26.0,115.0,,,AdenHa00,6,180,CIN,T,22,2022.0,0,0,0,9.0,9.0,39.0,0.0,0.0,0.0,0.0,0.0,0.0,0.0,0.0,0.0,0.0,0.0,,,,AdenHa00
McTelvin Agim,6-3,309,4.98,,27.0,,,,AgimMc00,3,95,DEN,DT,22,2021.0,0,0,0,2.0,2.0,17.0,0.0,0.0,0.0,0.0,0.0,0.0,0.0,0.0,0.0,0.0,0.0,4.0,,1.5,AgimMc00
Brandon Aiyuk,6-0,205,4.5,40.0,11.0,128.0,,,AiyuBr00,1,25,SFO,WR,22,2022.0,0,0,3,23.0,23.0,46.0,0.0,0.0,0.0,0.0,0.0,13.0,117.0,2.0,194.0,2589.0,18.0,3.0,,,AiyuBr00
Cam Akers,5-10,217,4.47,35.5,20.0,122.0,,4.42,AkerCa00,2,52,LAR,RB,21,2022.0,0,0,1,10.0,10.0,29.0,0.0,0.0,0.0,0.0,0.0,338.0,1414.0,9.0,27.0,250.0,1.0,,,,AkerCa00
Bradlee Anae,6-3,257,4.93,31.0,25.0,115.0,7.44,4.43,AnaeBr00,5,179,DAL,DE,21,2021.0,0,0,0,1.0,1.0,11.0,0.0,0.0,0.0,0.0,0.0,0.0,0.0,0.0,0.0,0.0,0.0,2.0,,,AnaeBr00
Tremayne Anchrum,6-2,314,5.21,24.5,26.0,104.0,,,AnchTr00,7,250,LAR,G,22,2022.0,0,0,0,1.0,1.0,14.0,0.0,0.0,0.0,0.0,0.0,0.0,0.0,0.0,0.0,0.0,0.0,,,,AnchTr00
Damon Arnette,6-0,195,4.56,,,,,,ArneDa00,1,19,LVR,CB,24,2021.0,0,0,0,2.0,2.0,13.0,0.0,0.0,0.0,0.0,0.0,0.0,0.0,0.0,0.0,0.0,0.0,23.0,,,ArneDa00
Devin Asiasi,6-3,257,4.73,30.5,16.0,115.0,,,AsiaDe00,3,91,NWE,TE,23,2022.0,0,0,0,0.0,0.0,22.0,0.0,0.0,0.0,0.0,0.0,0.0,0.0,0.0,4.0,44.0,1.0,,,,AsiaDe00
Markus Bailey,6-0,235,,,15.0,,,,BailMa01,7,215,CIN,LB,23,2022.0,0,0,0,6.0,6.0,43.0,0.0,0.0,0.0,0.0,0.0,0.0,0.0,0.0,0.0,0.0,0.0,40.0,,0.5,BailMa01
Ben Bartch,6-6,309,,,,,,,BartBe00,4,116,JAX,G,22,2022.0,0,0,1,6.0,6.0,33.0,0.0,0.0,0.0,0.0,0.0,0.0,0.0,0.0,0.0,0.0,0.0,,,,BartBe00
Tyler Bass,5-10,185,,,,,,,BassTy00,6,188,BUF,K,23,2022.0,0,0,1,9.0,9.0,49.0,0.0,0.0,0.0,0.0,0.0,0.0,0.0,0.0,0.0,0.0,0.0,5.0,,,BassTy00
Zack Baun,6-2,238,4.65,32.5,24.0,115.0,7.0,4.31,BaunZa00,3,74,NOR,LB,23,2022.0,0,0,0,7.0,7.0,45.0,0.0,0.0,0.0,0.0,0.0,0.0,0.0,0.0,0.0,0.0,0.0,40.0,,,BaunZa00
Mekhi Becton,6-7,364,5.1,,23.0,,,,BectMe00,1,11,NYJ,T,21,2021.0,0,0,1,5.0,5.0,15.0,0.0,0.0,0.0,0.0,0.0,0.0,0.0,0.0,0.0,0.0,0.0,,,,BectMe00
Eno Benjamin,5-9,207,4.57,39.0,12.0,122.0,6.97,4.25,BenjEn00,7,222,ARI,RB,21,2022.0,0,0,0,4.0,4.0,24.0,0.0,0.0,0.0,0.0,0.0,111.0,431.0,3.0,31.0,235.0,0.0,1.0,,,BenjEn00
Tyler Biadasz,6-4,314,,,,,,,BiadTy00,4,146,DAL,C,22,2022.0,0,1,2,17.0,17.0,45.0,0.0,0.0,0.0,0.0,0.0,0.0,0.0,0.0,0.0,0.0,0.0,2.0,,,BiadTy00
Ross Blacklock,6-3,290,4.9,29.0,,107.0,7.77,4.67,BlacRo00,2,40,HOU,DT,22,2022.0,0,0,0,4.0,3.0,40.0,0.0,0.0,0.0,0.0,0.0,0.0,0.0,0.0,0.0,0.0,0.0,26.0,,3.0,BlacRo00
Julian Blackmon,6-0,187,,,,,,,BlacJu01,3,85,IND,S,22,2022.0,0,0,2,11.0,11.0,35.0,0.0,0.0,0.0,0.0,0.0,0.0,0.0,0.0,0.0,0.0,0.0,98.0,3.0,1.0,BlacJu01
Shaun Bradley,6-1,235,4.51,32.5,14.0,121.0,7.07,4.24,BradSh00,6,196,PHI,LB,23,2022.0,0,0,0,3.0,3.0,45.0,0.0,0.0,0.0,0.0,0.0,0.0,0.0,0.0,0.0,0.0,0.0,29.0,,,BradSh00
Ben Bredeson,6-5,315,,,,,,,BredBe00,4,143,BAL,G,22,2022.0,0,0,0,5.0,1.0,29.0,0.0,0.0,0.0,0.0,0.0,0.0,0.0,0.0,0.0,0.0,0.0,,,,BredBe00
Jordyn Brooks,6-0,240,4.54,,,,,,BrooJo01,1,27,SEA,LB,22,2022.0,0,0,2,17.0,17.0,47.0,0.0,0.0,0.0,0.0,0.0,0.0,0.0,0.0,0.0,0.0,0.0,247.0,,2.0,BrooJo01
Derrick Brown,6-5,326,5.16,27.0,28.0,108.0,8.22,4.79,BrowDe05,1,7,CAR,DT,22,2022.0,0,0,3,19.0,19.0,49.0,0.0,0.0,0.0,0.0,0.0,0.0,0.0,0.0,0.0,0.0,0.0,78.0,1.0,6.0,BrowDe05
Harrison Bryant,6-5,243,4.73,32.5,13.0,110.0,7.41,4.37,BryaHa00,4,115,CLE,TE,22,2022.0,0,0,2,6.0,6.0,48.0,0.0,0.0,0.0,0.0,0.0,1.0,8.0,0.0,76.0,710.0,7.0,,,,BryaHa00
Terrell Burgess,5-11,202,4.46,33.5,20.0,122.0,,,BurgTe00,3,104,LAR,S,21,2022.0,0,0,0,2.0,2.0,31.0,0.0,0.0,0.0,0.0,0.0,0.0,0.0,0.0,0.0,0.0,0.0,18.0,,,BurgTe00
Joe Burrow,6-3,221,,,,,,,BurrJo01,1,1,CIN,QB,23,2022.0,0,1,3,38.0,38.0,42.0,1044.0,1530.0,11774.0,82.0,31.0,152.0,517.0,10.0,0.0,0.0,0.0,1.0,,,BurrJo01
Raymond Calais,5-8,188,4.42,37.5,20.0,120.0,,,CalaRa00,7,245,TAM,RB,22,2020.0,0,0,0,0.0,,4.0,0.0,0.0,0.0,0.0,0.0,0.0,0.0,0.0,0.0,0.0,0.0,,,,CalaRa00
Quintez Cephus,6-1,202,4.73,38.5,23.0,124.0,7.2,4.33,CephQu00,5,166,DET,WR,22,2022.0,0,0,0,5.0,5.0,22.0,0.0,0.0,0.0,0.0,0.0,0.0,0.0,0.0,37.0,568.0,4.0,4.0,,,CephQu00
K'Lavon Chaisson,6-3,254,,,,,,,ChaiKL00,1,20,JAX,DE,21,2022.0,0,0,0,7.0,7.0,40.0,0.0,0.0,0.0,0.0,0.0,0.0,0.0,0.0,0.0,0.0,0.0,39.0,,3.0,ChaiKL00
Saahdiq Charles,6-4,321,5.05,,,,,,CharSa00,4,108,WAS,T,21,2022.0,0,0,0,4.0,4.0,24.0,0.0,0.0,0.0,0.0,0.0,0.0,0.0,0.0,0.0,0.0,0.0,,,,CharSa00
Jeremy Chinn,6-3,221,4.45,41.0,20.0,138.0,,,ChinJe00,2,64,CAR,S,22,2022.0,0,0,3,30.0,30.0,42.0,0.0,0.0,0.0,0.0,0.0,2.0,29.0,0.0,0.0,0.0,0.0,194.0,2.0,3.0,ChinJe00
Cameron Clark,6-4,308,5.29,25.0,26.0,101.0,,,ClarCa00,4,129,NYJ,T,22,,0,0,0,,,,,,,,,,,,,,,,,,ClarCa00
Chase Claypool,6-4,238,4.42,40.5,19.0,126.0,,,ClayCh01,2,49,PIT,WR,22,2022.0,0,0,1,19.0,17.0,46.0,1.0,1.0,1.0,1.0,0.0,33.0,171.0,2.0,167.0,2184.0,12.0,5.0,,,ClayCh01
Ezra Cleveland,6-6,311,4.93,30.0,30.0,111.0,7.26,4.46,ClevEz00,2,58,MIN,T,22,2022.0,0,0,3,17.0,17.0,47.0,0.0,0.0,0.0,0.0,0.0,0.0,0.0,0.0,0.0,0.0,0.0,3.0,,,ClevEz00
Tyrie Cleveland,6-2,209,4.46,39.5,13.0,126.0,,,ClevTy00,7,252,DEN,WR,22,2022.0,0,0,0,0.0,0.0,23.0,0.0,0.0,0.0,0.0,0.0,0.0,0.0,0.0,8.0,91.0,0.0,6.0,,,ClevTy00
Carter Coughlin,6-3,236,4.57,36.0,,126.0,,,CougCa00,7,218,NYG,LB,23,2022.0,0,0,0,4.0,4.0,38.0,0.0,0.0,0.0,0.0,0.0,0.0,0.0,0.0,0.0,0.0,0.0,22.0,,1.0,CougCa00
Isaiah Coulter,6-2,198,4.45,36.0,,121.0,7.28,4.62,CoulIs00,5,171,HOU,WR,21,2021.0,0,0,0,0.0,0.0,4.0,0.0,0.0,0.0,0.0,0.0,0.0,0.0,0.0,0.0,0.0,0.0,,,,CoulIs00
Kamren Curl,6-1,206,4.6,34.5,24.0,125.0,,,CurlKa00,7,216,WAS,S,21,2022.0,0,0,3,14.0,14.0,44.0,0.0,0.0,0.0,0.0,0.0,0.0,0.0,0.0,0.0,0.0,0.0,183.0,3.0,4.0,CurlKa00
DeeJay Dallas,5-10,217,4.58,33.5,,119.0,7.18,4.32,DallDe00,4,144,SEA,RB,21,2022.0,0,0,0,6.0,6.0,44.0,0.0,1.0,0.0,0.0,1.0,102.0,432.0,4.0,55.0,370.0,1.0,12.0,,,DallDe00
Cameron Dantzler,6-2,188,4.64,34.5,,,,,DantCa00,3,89,MIN,CB,22,2022.0,0,0,2,10.0,10.0,35.0,0.0,0.0,0.0,0.0,0.0,0.0,0.0,0.0,0.0,0.0,0.0,125.0,3.0,,DantCa00
Marlon Davidson,6-3,303,5.04,,21.0,,,,DaviMa01,2,47,ATL,DE,22,2021.0,0,0,0,3.0,3.0,19.0,0.0,0.0,0.0,0.0,0.0,0.0,0.0,0.0,0.0,0.0,0.0,14.0,1.0,1.0,DaviMa01
Ashtyn Davis,6-1,202,,,14.0,,,,DaviAs00,3,68,NYJ,S,23,2022.0,0,0,1,6.0,6.0,37.0,0.0,0.0,0.0,0.0,0.0,1.0,2.0,0.0,0.0,0.0,0.0,71.0,3.0,0.5,DaviAs00
Carlos Davis,6-2,313,4.82,,27.0,,,4.52,DaviCa03,7,232,PIT,DT,24,2022.0,0,0,0,1.0,1.0,12.0,0.0,0.0,0.0,0.0,0.0,0.0,0.0,0.0,0.0,0.0,0.0,8.0,,1.0,DaviCa03
Gabriel Davis,6-2,216,4.54,35.0,14.0,124.0,7.08,4.59,DaviGa01,4,128,BUF,WR,21,2022.0,0,0,2,19.0,19.0,47.0,0.0,0.0,0.0,0.0,0.0,1.0,0.0,0.0,118.0,1984.0,20.0,3.0,,,DaviGa01
Khalil Davis,6-1,308,4.75,,32.0,,,,DaviKh00,6,194,TAM,DT,24,2021.0,0,0,0,0.0,0.0,3.0,0.0,0.0,0.0,0.0,0.0,0.0,0.0,0.0,0.0,0.0,0.0,1.0,,,DaviKh00
Raekwon Davis,6-6,311,5.12,28.0,24.0,111.0,7.95,4.86,DaviRa03,2,56,MIA,DT,23,2022.0,0,0,3,19.0,19.0,46.0,0.0,0.0,0.0,0.0,0.0,0.0,0.0,0.0,0.0,0.0,0.0,44.0,,1.5,DaviRa03
Akeem Davis-Gaither,6-1,224,,,21.0,,,,DaviAk01,4,107,CIN,LB,22,2022.0,0,0,0,5.0,5.0,41.0,0.0,0.0,0.0,0.0,0.0,0.0,0.0,0.0,0.0,0.0,0.0,71.0,1.0,0.5,DaviAk01
Josiah Deguara,6-2,242,4.72,35.5,25.0,115.0,7.15,4.35,DeguJo00,3,94,GNB,TE,23,2022.0,0,0,0,3.0,3.0,35.0,0.0,0.0,0.0,0.0,0.0,0.0,0.0,0.0,39.0,371.0,2.0,2.0,,,DeguJo00
Grant Delpit,6-2,213,,,,,,,DelpGr00,2,44,CLE,S,21,2022.0,0,0,1,9.0,9.0,32.0,0.0,0.0,0.0,0.0,0.0,0.0,0.0,0.0,0.0,0.0,0.0,115.0,5.0,1.0,DelpGr00
Trevon Diggs,6-1,205,,,,,,,DiggTr00,2,51,DAL,CB,21,2022.0,1,2,3,27.0,27.0,45.0,0.0,0.0,0.0,0.0,0.0,0.0,0.0,0.0,0.0,0.0,0.0,142.0,17.0,1.0,DiggTr00
AJ Dillon,6-0,247,4.53,41.0,23.0,131.0,7.19,,DillAJ00,2,62,GNB,RB,22,2022.0,0,0,0,17.0,17.0,45.0,0.0,0.0,0.0,0.0,0.0,419.0,1815.0,14.0,64.0,540.0,2.0,2.0,,,DillAJ00
J.K. Dobbins,5-9,209,,,23.0,,,,DobbJK00,2,55,BAL,RB,21,2022.0,0,0,0,11.0,11.0,23.0,0.0,0.0,0.0,0.0,0.0,226.0,1325.0,11.0,25.0,162.0,1.0,,,,DobbJK00
Jack Driscoll,6-5,306,5.02,29.5,23.0,114.0,,,DrisJa00,4,145,PHI,G,23,2022.0,0,0,0,10.0,10.0,37.0,0.0,0.0,0.0,0.0,0.0,0.0,0.0,0.0,0.0,0.0,0.0,,,,DrisJa00
Kyle Dugger,6-1,217,4.49,42.0,17.0,134.0,,,DuggKy00,2,37,NWE,S,24,2022.0,0,0,2,14.0,14.0,44.0,0.0,0.0,0.0,0.0,0.0,0.0,0.0,0.0,0.0,0.0,0.0,163.0,7.0,1.0,DuggKy00
Devin Duvernay,5-10,200,4.39,35.5,,123.0,7.13,4.2,DuveDe00,3,92,BAL,WR,22,2022.0,1,2,1,12.0,12.0,46.0,0.0,0.0,0.0,0.0,0.0,23.0,204.0,1.0,90.0,880.0,5.0,,,,DuveDe00
Troy Dye,6-3,231,,,,,,,DyexTr00,4,132,MIN,LB,23,2022.0,0,0,1,5.0,5.0,45.0,0.0,0.0,0.0,0.0,0.0,0.0,0.0,0.0,0.0,0.0,0.0,33.0,,,DyexTr00
Jacob Eason,6-6,231,4.89,27.5,,110.0,7.5,4.75,EasoJa00,4,122,IND,QB,22,2022.0,0,0,0,0.0,0.0,2.0,5.0,10.0,84.0,0.0,2.0,0.0,0.0,0.0,0.0,0.0,0.0,,,,EasoJa00
Bryan Edwards,6-3,212,,,,,,,EdwaBr01,3,81,LVR,WR,21,2022.0,0,0,1,6.0,6.0,35.0,0.0,0.0,0.0,0.0,0.0,1.0,0.0,0.0,48.0,779.0,4.0,,,,EdwaBr01
Clyde Edwards-Helaire,5-7,207,4.6,39.5,15.0,123.0,,,EdwaCl00,1,32,KAN,RB,21,2022.0,0,0,1,15.0,15.0,33.0,0.0,0.0,0.0,0.0,0.0,371.0,1622.0,11.0,72.0,577.0,6.0,,,,EdwaCl00
Jordan Elliott,6-4,302,5.02,27.5,24.0,,,4.73,ElliJo02,3,88,CLE,DT,22,2022.0,0,0,1,10.0,10.0,49.0,0.0,0.0,0.0,0.0,0.0,0.0,0.0,0.0,0.0,0.0,0.0,35.0,,2.5,ElliJo02
A.J. Epenesa,6-5,275,5.04,32.5,17.0,117.0,7.34,4.46,EpenAJ00,2,54,BUF,DE,21,2022.0,0,0,0,6.0,6.0,43.0,0.0,0.0,0.0,0.0,0.0,0.0,0.0,0.0,0.0,0.0,0.0,32.0,,9.0,EpenAJ00
Darrynton Evans,5-10,203,4.41,37.0,20.0,125.0,,,EvanDa02,3,93,TEN,RB,22,2022.0,0,0,0,2.0,1.0,12.0,0.0,0.0,0.0,0.0,0.0,30.0,125.0,0.0,5.0,71.0,1.0,2.0,,,EvanDa02
Blake Ferguson,6-3,229,5.07,31.0,,112.0,7.43,4.52,FergBl00,6,185,MIA,LS,23,2022.0,0,0,0,3.0,3.0,50.0,0.0,0.0,0.0,0.0,0.0,0.0,0.0,0.0,0.0,0.0,0.0,4.0,,,FergBl00
Leki Fotu,6-5,330,5.15,,21.0,,,,FotuLe00,4,114,ARI,DT,22,2022.0,0,0,1,7.0,7.0,45.0,0.0,0.0,0.0,0.0,0.0,0.0,0.0,0.0,0.0,0.0,0.0,27.0,,1.0,FotuLe00
Jake Fromm,6-2,219,5.01,30.0,,111.0,7.27,4.51,FromJa00,5,167,BUF,QB,22,2021.0,0,0,0,1.0,,3.0,27.0,60.0,210.0,1.0,3.0,8.0,65.0,0.0,0.0,0.0,0.0,,,,FromJa00
Jordan Fuller,6-2,203,4.67,35.5,,122.0,,4.27,FullJo01,6,199,LAR,S,22,2022.0,0,0,2,10.0,10.0,31.0,0.0,0.0,0.0,0.0,0.0,0.0,0.0,0.0,0.0,0.0,0.0,114.0,4.0,,FullJo01
Kristian Fulton,6-0,197,4.46,35.5,,123.0,6.94,4.36,FultKr00,2,61,TEN,CB,22,2022.0,0,0,2,10.0,10.0,30.0,0.0,0.0,0.0,0.0,0.0,0.0,0.0,0.0,0.0,0.0,0.0,79.0,4.0,1.0,FultKr00
Neville Gallimore,6-2,304,4.79,,23.0,,7.97,5.01,GallNe00,3,82,DAL,DT,23,2022.0,0,0,1,8.0,8.0,35.0,0.0,0.0,0.0,0.0,0.0,0.0,0.0,0.0,0.0,0.0,0.0,32.0,,3.0,GallNe00
Antonio Gandy-Golden,6-4,223,4.6,36.0,22.0,127.0,7.33,4.55,GandAn00,4,142,WAS,WR,22,2021.0,0,0,0,0.0,0.0,10.0,0.0,0.0,0.0,0.0,0.0,1.0,22.0,0.0,1.0,3.0,0.0,,,,GandAn00
Jonathan Garvin,6-4,263,4.82,36.0,23.0,125.0,,,GarvJo00,7,242,GNB,DE,21,2022.0,0,0,0,3.0,3.0,38.0,0.0,0.0,0.0,0.0,0.0,0.0,0.0,0.0,0.0,0.0,0.0,17.0,,1.5,GarvJo00
Antonio Gibson,6-0,228,4.39,35.0,16.0,118.0,,,GibsAn00,3,66,WAS,RB,22,2022.0,0,0,2,19.0,19.0,45.0,0.0,0.0,0.0,0.0,0.0,577.0,2378.0,21.0,124.0,894.0,5.0,1.0,,,GibsAn00
Alohi Gilman,5-10,201,4.6,32.0,17.0,119.0,6.81,4.08,GilmAl00,6,186,LAC,S,22,2022.0,0,0,0,5.0,5.0,43.0,0.0,0.0,0.0,0.0,0.0,0.0,0.0,0.0,0.0,0.0,0.0,68.0,2.0,,GilmAl00
Trevis Gipson,6-3,261,,,25.0,,,,GipsTr00,5,155,CHI,DE,23,2022.0,0,0,1,9.0,9.0,40.0,0.0,0.0,0.0,0.0,0.0,0.0,0.0,0.0,0.0,0.0,0.0,41.0,,10.0,GipsTr00
Jeff Gladney,5-10,191,4.48,37.5,17.0,124.0,7.26,,GladJe00,1,31,MIN,CB,23,2020.0,0,0,1,5.0,5.0,16.0,0.0,0.0,0.0,0.0,0.0,0.0,0.0,0.0,0.0,0.0,0.0,63.0,,,GladJe00
Jonathan Greenard,6-3,263,4.87,30.5,22.0,113.0,7.13,4.34,GreeJo04,3,90,HOU,DE,23,2022.0,0,0,1,9.0,9.0,33.0,0.0,0.0,0.0,0.0,0.0,0.0,0.0,0.0,0.0,0.0,0.0,42.0,1.0,10.5,GreeJo04
Yetur Gross-Matos,6-5,266,,34.0,20.0,120.0,,,GrosYe00,2,38,CAR,DE,22,2022.0,0,0,1,14.0,14.0,43.0,0.0,0.0,0.0,0.0,0.0,0.0,0.0,0.0,0.0,0.0,0.0,45.0,,8.5,GrosYe00
Bryce Hall,6-1,202,,,11.0,,,,HallBr02,5,158,NYJ,CB,23,2022.0,0,0,2,7.0,7.0,30.0,0.0,0.0,0.0,0.0,0.0,0.0,0.0,0.0,0.0,0.0,0.0,99.0,1.0,0.5,HallBr02
DaVon Hamilton,6-4,320,5.14,29.5,33.0,102.0,7.72,,HamiDa02,3,73,JAX,DT,23,2022.0,0,0,1,13.0,13.0,44.0,0.0,0.0,0.0,0.0,0.0,0.0,0.0,0.0,0.0,0.0,0.0,67.0,,4.5,HamiDa02
KJ Hamler,5-9,178,,,15.0,,,,HamlKJ00,2,46,DEN,WR,21,2022.0,0,0,0,5.0,5.0,23.0,0.0,0.0,0.0,0.0,0.0,11.0,63.0,0.0,42.0,620.0,3.0,,,,HamlKJ00
Harrison Hand,5-11,197,4.52,41.0,14.0,133.0,7.15,4.27,HandHa00,5,169,MIN,CB,21,2022.0,0,0,0,2.0,2.0,27.0,0.0,0.0,0.0,0.0,0.0,0.0,0.0,0.0,0.0,0.0,0.0,28.0,1.0,,HandHa00
Jake Hanson,6-4,303,5.5,,33.0,,,,HansJa00,6,208,GNB,C,23,2022.0,0,0,0,1.0,1.0,11.0,0.0,0.0,0.0,0.0,0.0,0.0,0.0,0.0,0.0,0.0,0.0,,,,HansJa00
Nick Harris,6-1,302,5.1,29.5,20.0,103.0,,,HarrNi01,5,160,CLE,C,21,2021.0,0,0,0,2.0,2.0,23.0,0.0,0.0,0.0,0.0,0.0,0.0,0.0,0.0,0.0,0.0,0.0,1.0,,,HarrNi01
Malik Harrison,6-3,247,4.66,36.0,,122.0,6.83,4.32,HarrMa06,3,98,BAL,LB,22,2022.0,0,0,0,11.0,11.0,47.0,0.0,0.0,0.0,0.0,0.0,0.0,0.0,0.0,0.0,0.0,0.0,60.0,,,HarrMa06
Jaylinn Hawkins,6-1,208,,35.5,,117.0,,,HawkJa00,4,134,ATL,S,23,2022.0,0,0,1,9.0,9.0,42.0,0.0,0.0,0.0,0.0,0.0,0.0,0.0,0.0,0.0,0.0,0.0,66.0,4.0,0.5,HawkJa00
Charlie Heck,6-8,311,5.16,28.0,21.0,112.0,8.02,4.86,HeckCh00,4,126,HOU,T,23,2022.0,0,0,1,8.0,8.0,35.0,0.0,0.0,0.0,0.0,0.0,0.0,0.0,0.0,0.0,8.0,0.0,,,,HeckCh00
C.J. Henderson,6-1,204,4.39,37.5,20.0,127.0,,,HendCJ00,1,9,JAX,CB,21,2022.0,0,0,2,10.0,4.0,37.0,0.0,0.0,0.0,0.0,0.0,0.0,0.0,0.0,0.0,0.0,0.0,108.0,3.0,,HendCJ00
Matt Hennessy,6-4,307,5.18,30.0,23.0,110.0,7.45,4.6,HennMa00,3,78,ATL,C,22,2022.0,0,0,1,10.0,10.0,41.0,0.0,0.0,0.0,0.0,0.0,0.0,0.0,0.0,0.0,0.0,0.0,,,,HennMa00
Justin Herbert,6-6,236,4.68,35.5,,123.0,7.06,4.46,HerbJu00,1,6,LAC,QB,22,2022.0,0,1,3,43.0,43.0,49.0,1316.0,1966.0,14089.0,94.0,35.0,172.0,683.0,8.0,2.0,-10.0,0.0,2.0,,,HerbJu00
Justin Herron,6-4,308,5.26,33.0,27.0,105.0,8.41,4.88,HerrJu00,6,195,NWE,T,24,2022.0,0,0,0,6.0,6.0,29.0,0.0,0.0,0.0,0.0,0.0,0.0,0.0,0.0,0.0,0.0,0.0,,,,HerrJu00
Tee Higgins,6-4,216,,,,,,,HiggTe00,2,33,CIN,WR,21,2022.0,0,0,3,26.0,26.0,46.0,0.0,0.0,0.0,0.0,0.0,5.0,28.0,0.0,215.0,3028.0,19.0,1.0,,,HiggTe00
Alex Highsmith,6-3,248,4.7,33.0,,125.0,7.32,4.31,HighAl02,3,102,PIT,LB,23,2022.0,0,0,2,18.0,18.0,49.0,0.0,0.0,0.0,0.0,0.0,0.0,0.0,0.0,0.0,0.0,0.0,114.0,1.0,22.5,HighAl02
John Hightower,6-1,189,4.43,38.5,,122.0,7.07,4.21,HighJo00,5,168,PHI,WR,24,2021.0,0,0,0,1.0,1.0,14.0,0.0,0.0,0.0,0.0,0.0,1.0,1.0,0.0,10.0,167.0,0.0,,,,HighJo00
K.J. Hill,6-0,196,4.6,32.5,17.0,114.0,,,HillKJ00,7,220,LAC,WR,22,2021.0,0,0,0,1.0,1.0,21.0,0.0,0.0,0.0,0.0,0.0,0.0,0.0,0.0,10.0,103.0,0.0,,,,HillKJ00
Isaiah Hodgins,6-4,210,4.61,36.5,9.0,124.0,7.01,4.12,HodgIs00,6,207,BUF,WR,21,2022.0,0,0,0,3.0,0.0,11.0,0.0,0.0,0.0,0.0,0.0,0.0,0.0,0.0,37.0,392.0,4.0,,,,HodgIs00
Sterling Hofrichter,5-10,196,,,,,,,HofrSt00,7,228,ATL,P,23,2021.0,0,0,0,1.0,1.0,18.0,0.0,0.0,0.0,0.0,0.0,0.0,0.0,0.0,0.0,0.0,0.0,1.0,,,HofrSt00
Darnay Holmes,5-10,195,4.48,,12.0,,,,HolmDa01,4,110,NYG,CB,22,2022.0,0,0,0,6.0,6.0,38.0,0.0,0.0,0.0,0.0,0.0,0.0,0.0,0.0,0.0,0.0,0.0,72.0,2.0,0.5,HolmDa01
Brycen Hopkins,6-4,245,4.66,33.5,21.0,116.0,7.25,4.28,HopkBr01,4,136,LAR,TE,23,2022.0,0,0,0,1.0,1.0,24.0,0.0,0.0,0.0,0.0,0.0,0.0,0.0,0.0,8.0,118.0,0.0,1.0,,,HopkBr01
Khaleke Hudson,5-11,224,4.56,33.0,30.0,120.0,,,HudsKh00,5,162,WAS,LB,22,2022.0,0,0,0,4.0,4.0,41.0,0.0,0.0,0.0,0.0,0.0,0.0,0.0,0.0,0.0,0.0,0.0,16.0,,,HudsKh00
Robert Hunt,6-5,323,,,,,,,HuntRo01,2,39,MIA,G,24,2022.0,0,0,3,18.0,18.0,50.0,0.0,0.0,0.0,0.0,0.0,1.0,0.0,0.0,0.0,0.0,0.0,,,,HuntRo01
Jalen Hurts,6-1,222,4.59,35.0,,125.0,,,HurtJa00,2,53,PHI,QB,22,2022.0,0,1,2,40.0,40.0,45.0,648.0,1040.0,7906.0,44.0,19.0,367.0,1898.0,26.0,1.0,3.0,0.0,2.0,,,HurtJa00
Noah Igbinoghene,5-10,198,4.48,37.0,15.0,128.0,,,IgbiNo00,1,30,MIA,CB,20,2022.0,0,0,0,4.0,4.0,32.0,0.0,0.0,0.0,0.0,0.0,0.0,0.0,0.0,0.0,0.0,0.0,25.0,1.0,,IgbiNo00
Brian Cole II,6-2,213,4.52,,,,,,ColeBr01,7,249,MIN,S,23,,0,0,0,,,,,,,,,,,,,,,,,,ColeBr01
Reggie Robinson II,6-1,205,4.44,36.0,22.0,132.0,7.09,4.18,RobiRe00,4,123,DAL,CB,23,2020.0,0,0,0,0.0,0.0,5.0,0.0,0.0,0.0,0.0,0.0,0.0,0.0,0.0,0.0,0.0,0.0,1.0,,,RobiRe00
Henry Ruggs III,5-11,188,4.27,42.0,,131.0,,,RuggHe00,1,12,LVR,WR,21,2021.0,0,0,1,8.0,8.0,20.0,0.0,0.0,0.0,0.0,0.0,12.0,65.0,0.0,50.0,921.0,4.0,,,,RuggHe00
Keith Ismael,6-3,309,5.34,32.0,,108.0,8.14,4.65,IsmaKe00,5,156,WAS,C,22,2021.0,0,0,0,2.0,2.0,18.0,0.0,0.0,0.0,0.0,0.0,0.0,0.0,0.0,0.0,0.0,0.0,,,,IsmaKe00
Austin Jackson,6-5,322,5.07,31.0,27.0,115.0,7.95,,JackAu00,1,18,MIA,T,21,2022.0,0,0,2,14.0,14.0,32.0,0.0,0.0,0.0,0.0,0.0,0.0,0.0,0.0,0.0,0.0,0.0,1.0,,,JackAu00
Dane Jackson,6-0,187,4.57,35.0,,122.0,7.07,4.27,JackDa02,7,239,BUF,CB,23,2022.0,0,0,1,10.0,10.0,37.0,0.0,0.0,0.0,0.0,0.0,0.0,0.0,0.0,0.0,0.0,0.0,95.0,3.0,,JackDa02
Jonah Jackson,6-3,306,5.23,26.0,28.0,98.0,7.83,5.02,JackJo03,3,75,DET,G,23,2022.0,0,1,3,21.0,21.0,45.0,0.0,0.0,0.0,0.0,0.0,0.0,0.0,0.0,0.0,0.0,0.0,1.0,,,JackJo03
Justin Jefferson,6-1,202,4.43,37.5,,126.0,,,JeffJu00,1,22,MIN,WR,21,2022.0,1,3,3,39.0,39.0,50.0,4.0,6.0,69.0,0.0,0.0,11.0,40.0,1.0,324.0,4825.0,25.0,2.0,,,JeffJu00
Van Jefferson,6-1,200,,,,,,,JeffVa00,2,57,LAR,WR,24,2022.0,0,0,2,13.0,13.0,44.0,0.0,0.0,0.0,0.0,0.0,3.0,19.0,0.0,93.0,1391.0,10.0,1.0,,,JeffVa00
Anfernee Jennings,6-2,256,,,,,,,JennAn00,3,87,NWE,LB,23,2022.0,0,0,0,6.0,6.0,30.0,0.0,0.0,0.0,0.0,0.0,0.0,0.0,0.0,0.0,0.0,0.0,25.0,,1.5,JennAn00
Jauan Jennings,6-3,215,4.72,29.0,,119.0,,,JennJa00,7,217,SFO,WR,23,2022.0,0,0,0,6.0,6.0,32.0,0.0,0.0,0.0,0.0,0.0,0.0,0.0,0.0,59.0,698.0,6.0,2.0,,,JennJa00
Jerry Jeudy,6-1,193,4.45,35.0,,120.0,,4.53,JeudJe00,1,15,DEN,WR,21,2022.0,0,0,2,16.0,16.0,41.0,0.0,0.0,0.0,0.0,0.0,6.0,43.0,0.0,157.0,2295.0,9.0,1.0,,,JeudJe00
Collin Johnson,6-6,222,,,17.0,,,,JohnCo01,5,165,JAX,WR,22,2021.0,0,0,0,3.0,2.0,26.0,0.0,0.0,0.0,0.0,0.0,0.0,0.0,0.0,29.0,377.0,2.0,,,,JohnCo01
Jaylon Johnson,6-0,193,4.5,36.5,15.0,124.0,7.01,4.13,JohnJa13,2,50,CHI,CB,21,2022.0,0,0,3,12.0,12.0,39.0,0.0,0.0,0.0,0.0,0.0,0.0,0.0,0.0,0.0,0.0,0.0,99.0,1.0,,JohnJa13
Tyler Johnson,6-1,206,,,,,,,JohnTy00,5,161,TAM,WR,22,2022.0,0,0,0,5.0,5.0,33.0,0.0,0.0,0.0,0.0,0.0,0.0,0.0,0.0,48.0,529.0,2.0,1.0,,,JohnTy00
Clay Johnston,6-1,227,,,18.0,,,,JohnCl00,7,234,LAR,LB,24,2022.0,0,0,0,2.0,,31.0,0.0,0.0,0.0,0.0,0.0,0.0,0.0,0.0,0.0,0.0,0.0,17.0,,,JohnCl00
Brandon Jones,5-11,198,,,,,,,JoneBr06,3,70,MIA,S,22,2022.0,0,0,1,9.0,9.0,38.0,0.0,0.0,0.0,0.0,0.0,0.0,0.0,0.0,0.0,0.0,0.0,115.0,1.0,8.0,JoneBr06
Antoine Brooks Jr.,5-11,220,4.64,34.5,18.0,,,,BrooAn00,6,198,PIT,S,21,2021.0,0,0,0,1.0,0.0,12.0,0.0,0.0,0.0,0.0,0.0,0.0,0.0,0.0,0.0,0.0,0.0,3.0,,,BrooAn00
Willie Gay Jr.,6-1,243,4.46,39.5,21.0,136.0,7.08,4.3,GayJWi00,2,63,KAN,LB,22,2022.0,0,0,3,14.0,14.0,41.0,0.0,0.0,0.0,0.0,0.0,0.0,0.0,0.0,0.0,0.0,0.0,106.0,3.0,4.0,GayJWi00
Laviska Shenault Jr.,6-1,227,4.58,,17.0,,,,ShenLa00,2,42,JAX,WR,21,2022.0,0,0,1,12.0,9.0,43.0,0.0,0.0,0.0,0.0,0.0,38.0,197.0,1.0,148.0,1491.0,6.0,1.0,,,ShenLa00
Antoine Winfield Jr.,5-9,203,4.45,36.0,,124.0,,,WinfAn00,2,45,TAM,S,22,2022.0,0,1,3,18.0,18.0,42.0,0.0,0.0,0.0,0.0,0.0,0.0,0.0,0.0,0.0,0.0,0.0,190.0,4.0,9.0,WinfAn00
Khalid Kareem,6-4,268,,,,,,,KareKh00,5,147,CIN,DE,22,2022.0,0,0,0,2.0,2.0,27.0,0.0,0.0,0.0,0.0,0.0,0.0,0.0,0.0,0.0,0.0,0.0,14.0,,1.0,KareKh00
Dalton Keene,6-4,253,4.71,34.0,21.0,125.0,7.07,4.19,KeenDa00,3,101,NWE,TE,21,2020.0,0,0,0,0.0,0.0,6.0,0.0,0.0,0.0,0.0,0.0,0.0,0.0,0.0,3.0,16.0,0.0,,,,KeenDa00
Joshua Kelley,5-11,212,4.49,31.0,23.0,121.0,6.95,4.28,KellJo01,4,112,LAC,RB,22,2022.0,0,0,0,7.0,7.0,37.0,0.0,0.0,0.0,0.0,0.0,213.0,743.0,4.0,42.0,287.0,0.0,1.0,,,KellJo01
Solomon Kindley,6-3,337,,,,,,,KindSo00,4,111,MIA,G,23,2021.0,0,0,1,6.0,6.0,29.0,0.0,0.0,0.0,0.0,0.0,0.0,0.0,0.0,0.0,0.0,0.0,,,,KindSo00
Javon Kinlaw,6-5,324,,,,,,,KinlJa00,1,14,SFO,DT,22,2022.0,0,0,1,12.0,12.0,24.0,0.0,0.0,0.0,0.0,0.0,0.0,0.0,0.0,0.0,0.0,0.0,18.0,1.0,1.5,KinlJa00
Cole Kmet,6-6,262,4.7,37.0,,123.0,7.44,4.41,KmetCo00,2,43,CHI,TE,21,2022.0,0,0,3,14.0,14.0,50.0,0.0,0.0,0.0,0.0,0.0,4.0,6.0,0.0,138.0,1399.0,9.0,1.0,,,KmetCo00
CeeDee Lamb,6-2,198,4.5,34.5,11.0,124.0,,,LambCe00,1,17,DAL,WR,21,2022.0,0,2,3,32.0,32.0,49.0,0.0,0.0,0.0,0.0,0.0,29.0,205.0,1.0,260.0,3396.0,20.0,4.0,,,LambCe00
Shane Lemieux,6-4,310,5.11,25.5,,107.0,8.13,4.9,LemiSh00,5,150,NYG,G,23,2022.0,0,0,1,3.0,3.0,14.0,0.0,0.0,0.0,0.0,0.0,0.0,0.0,0.0,0.0,0.0,0.0,,,,LemiSh00
Damien Lewis,6-2,327,5.24,30.0,27.0,108.0,,,LewiDa05,3,69,SEA,G,23,2022.0,0,0,3,20.0,20.0,45.0,0.0,0.0,0.0,0.0,0.0,0.0,0.0,0.0,0.0,0.0,0.0,2.0,,,LewiDa05
Terrell Lewis,6-5,262,,37.0,,124.0,,,LewiTe00,3,84,LAR,LB,22,2022.0,0,0,0,5.0,5.0,30.0,0.0,0.0,0.0,0.0,0.0,0.0,0.0,0.0,0.0,0.0,0.0,27.0,1.0,6.0,LewiTe00
Jordan Love,6-4,224,4.74,35.5,,118.0,7.21,4.52,LoveJo03,1,26,GNB,QB,21,2022.0,0,0,0,3.0,3.0,10.0,50.0,83.0,606.0,3.0,3.0,13.0,26.0,0.0,0.0,0.0,0.0,,,,LoveJo03
Jake Luton,6-6,224,,,,,,,LutoJa00,6,189,JAX,QB,24,2020.0,0,0,0,2.0,2.0,3.0,60.0,110.0,624.0,2.0,6.0,1.0,13.0,1.0,0.0,0.0,0.0,,,,LutoJa00
James Lynch,6-4,289,5.01,29.0,23.0,111.0,7.39,4.39,LyncJa00,4,130,MIN,DT,21,2022.0,0,0,0,5.0,5.0,37.0,0.0,0.0,0.0,0.0,0.0,0.0,0.0,0.0,0.0,0.0,0.0,31.0,,2.0,LyncJa00
Justin Madubuike,6-3,293,4.83,,31.0,,7.37,,MaduJu00,3,71,BAL,DT,22,2022.0,0,0,2,15.0,15.0,42.0,0.0,0.0,0.0,0.0,0.0,0.0,0.0,0.0,0.0,0.0,0.0,60.0,,8.5,MaduJu00
Braden Mann,5-11,198,4.83,31.0,,111.0,7.03,4.13,MannBr01,6,191,NYJ,P,22,2022.0,0,0,1,7.0,7.0,43.0,1.0,2.0,17.0,0.0,0.0,1.0,4.0,0.0,0.0,0.0,0.0,4.0,,,MannBr01
Kamal Martin,6-3,240,,,,,,,MartKa01,5,175,GNB,LB,22,2021.0,0,0,0,4.0,3.0,16.0,0.0,0.0,0.0,0.0,0.0,0.0,0.0,0.0,0.0,0.0,0.0,19.0,,1.0,MartKa01
Cole McDonald,6-3,215,4.58,36.0,,121.0,7.13,4.52,McDoCo00,7,224,TEN,QB,22,,0,0,0,,,,,,,,,,,,,,,,,,McDoCo00
Xavier McKinney,6-0,201,4.63,36.0,19.0,122.0,,,McKiXa00,2,36,NYG,S,21,2022.0,0,0,2,12.0,12.0,32.0,0.0,0.0,0.0,0.0,0.0,0.0,0.0,0.0,0.0,0.0,0.0,102.0,6.0,1.0,McKiXa00
Colton McKivitz,6-6,306,5.35,26.0,20.0,106.0,7.87,5.0,McKiCo00,5,153,SFO,T,24,2022.0,0,0,0,3.0,3.0,28.0,0.0,0.0,0.0,0.0,0.0,0.0,0.0,0.0,0.0,0.0,0.0,,,,McKiCo00
Josh Metellus,5-11,209,4.55,36.5,20.0,124.0,6.94,4.4,MeteJo00,6,205,MIN,S,22,2022.0,0,0,0,4.0,4.0,48.0,0.0,0.0,0.0,0.0,0.0,0.0,0.0,0.0,0.0,0.0,0.0,48.0,1.0,,MeteJo00
Denzel Mims,6-3,207,4.38,38.5,16.0,131.0,6.66,4.43,MimsDe00,2,59,NYJ,WR,22,2022.0,0,0,1,5.0,5.0,30.0,0.0,0.0,0.0,0.0,0.0,0.0,0.0,0.0,42.0,676.0,0.0,,,,MimsDe00
Darnell Mooney,5-10,176,4.38,37.0,9.0,124.0,,,MoonDa00,5,173,CHI,WR,22,2022.0,0,0,2,20.0,20.0,45.0,0.0,0.0,0.0,0.0,0.0,11.0,54.0,1.0,182.0,2179.0,10.0,6.0,,,MoonDa00
James Morgan,6-4,229,4.89,29.0,,112.0,7.51,4.64,MorgJa00,4,125,NYJ,QB,23,,0,0,0,,,,,,,,,,,,,,,,,,MorgJa00
Zack Moss,5-9,223,4.65,33.0,19.0,,,4.37,MossZa00,3,86,BUF,RB,22,2022.0,0,0,0,10.0,8.0,39.0,0.0,0.0,0.0,0.0,0.0,301.0,1282.0,9.0,48.0,331.0,2.0,1.0,,,MossZa00
Larrell Murchison,6-2,297,5.05,29.0,29.0,118.0,7.89,4.51,MurcLa00,5,174,TEN,DT,23,2022.0,0,0,0,4.0,4.0,29.0,0.0,0.0,0.0,0.0,0.0,0.0,0.0,0.0,0.0,0.0,0.0,11.0,,2.0,MurcLa00
Kenneth Murray,6-2,241,4.52,38.0,21.0,129.0,,,MurrKe00,1,23,LAC,LB,21,2022.0,0,0,2,16.0,16.0,44.0,0.0,0.0,0.0,0.0,0.0,0.0,0.0,0.0,0.0,0.0,0.0,135.0,1.0,2.0,MurrKe00
Tanner Muse,6-2,227,4.41,34.5,20.0,124.0,,,MuseTa00,3,100,LVR,S,24,2022.0,0,0,0,1.0,,23.0,0.0,0.0,0.0,0.0,0.0,0.0,0.0,0.0,0.0,0.0,0.0,13.0,,,MuseTa00
Netane Muti,6-3,315,,,44.0,,,,MutiNe00,6,181,DEN,G,21,2022.0,0,0,0,3.0,3.0,20.0,0.0,0.0,0.0,0.0,0.0,0.0,0.0,0.0,0.0,0.0,0.0,1.0,,,MutiNe00
Lucas Niang,6-6,315,,,,,,,NianLu00,3,96,KAN,T,22,2022.0,0,0,0,7.0,7.0,19.0,0.0,0.0,0.0,0.0,0.0,0.0,0.0,0.0,0.0,0.0,0.0,2.0,,,NianLu00
Michael Ojemudia,6-1,200,4.45,36.0,,122.0,6.87,4.21,OjemMi00,3,77,DEN,CB,22,2022.0,0,0,0,4.0,4.0,22.0,0.0,0.0,0.0,0.0,0.0,0.0,0.0,0.0,0.0,0.0,0.0,63.0,,,OjemMi00
Jeff Okudah,6-1,205,4.48,41.0,11.0,135.0,,,OkudJe00,1,3,DET,CB,21,2022.0,0,0,1,7.0,7.0,25.0,0.0,0.0,0.0,0.0,0.0,0.0,0.0,0.0,0.0,0.0,0.0,103.0,2.0,,OkudJe00
Julian Okwara,6-4,252,,,27.0,,,,OkwaJu00,3,67,DET,DE,22,2022.0,0,0,0,3.0,3.0,29.0,0.0,0.0,0.0,0.0,0.0,0.0,0.0,0.0,0.0,0.0,0.0,29.0,1.0,7.0,OkwaJu00
Albert Okwuegbunam,6-5,258,4.49,,,,,,OkwuAl00,4,118,DEN,TE,22,2022.0,0,0,0,5.0,5.0,26.0,0.0,0.0,0.0,0.0,0.0,0.0,0.0,0.0,54.0,546.0,4.0,,,,OkwuAl00
K.J. Osborn,5-11,203,4.48,37.5,18.0,123.0,7.0,4.35,OsboKJ00,5,176,MIN,WR,23,2022.0,0,0,1,10.0,10.0,43.0,0.0,0.0,0.0,0.0,0.0,4.0,16.0,0.0,110.0,1305.0,12.0,4.0,,,OsboKJ00
Colby Parkinson,6-7,252,4.77,32.5,18.0,109.0,7.15,4.46,ParkCo02,4,133,SEA,TE,21,2022.0,0,0,0,3.0,3.0,37.0,0.0,0.0,0.0,0.0,0.0,0.0,0.0,0.0,32.0,371.0,2.0,,,,ParkCo02
Dezmon Patmon,6-4,225,4.48,36.0,15.0,132.0,7.28,4.38,PatmDe00,6,212,IND,WR,22,2022.0,0,0,0,0.0,0.0,10.0,0.0,0.0,0.0,0.0,0.0,0.0,0.0,0.0,4.0,45.0,1.0,,,,PatmDe00
Matt Peart,6-7,318,5.06,30.0,26.0,113.0,8.01,4.92,PearMa00,3,99,NYG,T,23,2022.0,0,0,0,4.0,4.0,35.0,0.0,0.0,0.0,0.0,0.0,0.0,0.0,0.0,0.0,0.0,0.0,,,,PearMa00
John Penisini,6-1,318,,25.5,23.0,,,4.93,PeniJo00,6,197,DET,DT,23,2021.0,0,0,1,6.0,6.0,32.0,0.0,0.0,0.0,0.0,0.0,0.0,0.0,0.0,0.0,0.0,0.0,23.0,,1.0,PeniJo00
Donovan Peoples-Jones,6-2,212,4.48,44.5,,139.0,,,PeopDo00,6,187,CLE,WR,21,2022.0,0,0,1,16.0,16.0,43.0,0.0,0.0,0.0,0.0,0.0,1.0,2.0,0.0,109.0,1740.0,8.0,2.0,,,PeopDo00
La'Mical Perine,5-11,216,4.62,35.0,22.0,118.0,7.13,4.31,PeriLa00,4,120,NYJ,RB,22,2021.0,0,0,0,2.0,2.0,14.0,0.0,0.0,0.0,0.0,0.0,72.0,263.0,2.0,11.0,63.0,0.0,,,,PeriLa00
Malcolm Perry,5-9,186,4.63,36.0,10.0,122.0,7.12,4.31,PerrMa00,7,246,MIA,RB,23,2020.0,0,0,0,1.0,1.0,9.0,0.0,0.0,0.0,0.0,0.0,3.0,5.0,0.0,9.0,92.0,1.0,,,,PerrMa00
Jacob Phillips,6-3,229,4.66,39.0,,126.0,7.38,4.33,PhilJa01,3,97,CLE,LB,21,2022.0,0,0,0,5.0,5.0,20.0,0.0,0.0,0.0,0.0,0.0,0.0,0.0,0.0,0.0,0.0,0.0,57.0,,3.0,PhilJa01
Tyre Phillips,6-5,331,5.37,25.0,22.0,93.0,8.17,5.11,PhilTy00,3,106,BAL,T,23,2022.0,0,0,0,9.0,6.0,34.0,0.0,0.0,0.0,0.0,0.0,0.0,0.0,0.0,0.0,0.0,0.0,,,,PhilTy00
Danny Pinter,6-4,306,4.91,29.5,24.0,110.0,7.76,4.62,PintDa00,5,149,IND,G,24,2022.0,0,0,0,5.0,5.0,46.0,0.0,0.0,0.0,0.0,0.0,0.0,0.0,0.0,1.0,2.0,1.0,1.0,,,PintDa00
James Proche,5-11,201,,34.5,20.0,,7.27,4.4,ProcJa00,6,201,BAL,WR,23,2022.0,0,0,0,3.0,3.0,43.0,0.0,1.0,0.0,0.0,1.0,0.0,0.0,0.0,25.0,278.0,0.0,,,,ProcJa00
Shaquille Quarterman,6-0,234,4.74,31.0,23.0,120.0,,,QuarSh00,4,140,JAX,LB,22,2022.0,0,0,0,3.0,3.0,46.0,0.0,0.0,0.0,0.0,0.0,0.0,0.0,0.0,0.0,0.0,0.0,28.0,,,QuarSh00
Patrick Queen,6-0,229,4.5,35.0,18.0,125.0,,,QueePa00,1,28,BAL,LB,21,2022.0,0,0,3,26.0,26.0,50.0,0.0,0.0,0.0,0.0,0.0,0.0,0.0,0.0,0.0,0.0,0.0,213.0,3.0,10.0,QueePa00
Jalen Reagor,5-11,206,4.47,42.0,17.0,138.0,7.31,4.46,ReagJa00,1,21,PHI,WR,21,2022.0,0,0,2,8.0,7.0,45.0,0.0,0.0,0.0,0.0,0.0,18.0,83.0,0.0,72.0,799.0,4.0,3.0,,,ReagJa00
Joe Reed,6-0,224,4.47,38.0,21.0,123.0,,,ReedJo03,5,151,LAC,WR,22,2020.0,0,0,0,0.0,0.0,11.0,0.0,0.0,0.0,0.0,0.0,5.0,29.0,1.0,0.0,0.0,0.0,1.0,,,ReedJo03
John Reid,5-10,187,4.49,36.5,20.0,129.0,6.95,3.97,ReidJo00,4,141,HOU,CB,24,2022.0,0,0,0,2.0,1.0,27.0,0.0,0.0,0.0,0.0,0.0,0.0,0.0,0.0,0.0,0.0,0.0,23.0,,,ReidJo00
Amik Robertson,5-8,187,,,,,,,RobeAm00,4,139,LVR,CB,22,2022.0,0,0,0,4.0,4.0,35.0,0.0,0.0,0.0,0.0,0.0,0.0,0.0,0.0,0.0,0.0,0.0,46.0,2.0,1.0,RobeAm00
Alton Robinson,6-3,264,4.69,35.5,25.0,119.0,7.32,4.32,RobiAl03,5,148,SEA,DE,22,2021.0,0,0,0,3.0,3.0,30.0,0.0,0.0,0.0,0.0,0.0,0.0,0.0,0.0,0.0,0.0,0.0,26.0,,5.0,RobiAl03
Cesar Ruiz,6-3,307,5.08,33.0,28.0,113.0,7.91,4.64,RuizCe00,1,24,NOR,C,21,2022.0,0,0,3,16.0,16.0,46.0,0.0,0.0,0.0,0.0,0.0,0.0,0.0,0.0,0.0,0.0,0.0,1.0,,,RuizCe00
Chapelle Russell,6-2,236,4.69,35.0,21.0,121.0,7.38,4.41,RussCh00,7,241,TAM,LB,23,2021.0,0,0,0,2.0,1.0,27.0,0.0,0.0,0.0,0.0,0.0,0.0,0.0,0.0,0.0,0.0,0.0,10.0,,,RussCh00
Josiah Scott,5-9,185,4.42,,17.0,,,,ScotJo00,4,137,JAX,CB,21,2022.0,0,0,0,3.0,0.0,35.0,0.0,0.0,0.0,0.0,0.0,0.0,0.0,0.0,0.0,0.0,0.0,37.0,2.0,1.0,ScotJo00
Isaiah Simmons,6-4,238,4.39,39.0,,132.0,,,SimmIs00,1,8,ARI,LB,22,2022.0,0,0,2,17.0,17.0,50.0,0.0,0.0,0.0,0.0,0.0,0.0,0.0,0.0,0.0,0.0,0.0,181.0,4.0,7.5,SimmIs00
John Simpson,6-4,321,5.24,30.0,34.0,107.0,8.03,4.87,SimpJo00,4,109,LVR,G,23,2022.0,0,0,1,10.0,10.0,35.0,0.0,0.0,0.0,0.0,0.0,0.0,0.0,0.0,0.0,0.0,0.0,,,,SimpJo00
James Smith-Williams,6-4,265,4.6,32.0,28.0,123.0,7.35,4.52,SmitJa08,7,229,WAS,DE,23,2022.0,0,0,1,11.0,11.0,42.0,0.0,0.0,0.0,0.0,0.0,0.0,0.0,0.0,0.0,0.0,0.0,31.0,,6.0,SmitJa08
L'Jarius Sneed,6-0,192,4.37,41.0,12.0,131.0,,,SneeLJ00,4,138,KAN,S,23,2022.0,0,0,2,13.0,13.0,41.0,0.0,0.0,0.0,0.0,0.0,0.0,0.0,0.0,0.0,0.0,0.0,163.0,8.0,6.5,SneeLJ00
Nate Stanley,6-4,235,4.81,28.5,,108.0,7.26,4.48,StanNa00,7,244,MIN,QB,23,,0,0,0,,,,,,,,,,,,,,,,,,StanNa00
Logan Stenberg,6-6,317,5.3,26.0,,104.0,8.0,4.83,StenLo00,4,121,DET,G,23,2022.0,0,0,0,3.0,3.0,25.0,0.0,0.0,0.0,0.0,0.0,0.0,0.0,0.0,0.0,0.0,0.0,,,,StenLo00
Simon Stepaniak,6-4,313,,,37.0,,,,StepSi00,6,209,GNB,T,23,,0,0,0,,,,,,,,,,,,,,,,,,StepSi00
Geno Stone,5-10,207,4.62,33.5,12.0,116.0,,,StonGe00,7,219,BAL,S,21,2022.0,0,0,0,6.0,6.0,34.0,0.0,0.0,0.0,0.0,0.0,0.0,0.0,0.0,0.0,0.0,0.0,49.0,1.0,,StonGe00
Justin Strnad,6-3,238,4.74,29.0,,113.0,,4.49,StrnJu00,5,178,DEN,LB,24,2022.0,0,0,0,4.0,4.0,33.0,0.0,0.0,0.0,0.0,0.0,0.0,0.0,0.0,0.0,0.0,0.0,27.0,,,StrnJu00
Jason Strowbridge,6-4,275,4.89,31.0,26.0,113.0,7.45,4.37,StroJa02,5,154,MIA,DE,23,2020.0,0,0,0,1.0,1.0,8.0,0.0,0.0,0.0,0.0,0.0,0.0,0.0,0.0,0.0,0.0,0.0,1.0,,,StroJa02
Stephen Sullivan,6-5,248,4.66,36.5,,123.0,7.51,4.62,SullSt00,7,251,SEA,TE,23,2022.0,0,0,0,0.0,0.0,18.0,0.0,0.0,0.0,0.0,0.0,0.0,0.0,0.0,2.0,46.0,0.0,2.0,,,SullSt00
Freddie Swain,6-0,197,4.46,36.5,16.0,124.0,7.05,4.26,SwaiFr00,6,214,SEA,WR,22,2022.0,0,0,0,5.0,5.0,37.0,0.0,0.0,0.0,0.0,0.0,5.0,32.0,0.0,42.0,576.0,6.0,2.0,,,SwaiFr00
D'Andre Swift,5-8,212,4.48,35.5,,121.0,,,SwifDA00,2,35,DET,RB,21,2022.0,0,0,0,20.0,20.0,40.0,0.0,1.0,0.0,0.0,0.0,364.0,1680.0,18.0,156.0,1198.0,7.0,,,,SwifDA00
Tua Tagovailoa,6-0,217,,,,,,,TagoTu00,1,5,MIA,QB,22,2022.0,0,0,3,23.0,23.0,36.0,708.0,1078.0,8015.0,52.0,23.0,101.0,307.0,6.0,0.0,0.0,0.0,,,,TagoTu00
Darrell Taylor,6-4,267,,,,,,,TaylDa00,2,48,SEA,DE,23,2022.0,0,0,0,6.0,6.0,32.0,0.0,0.0,0.0,0.0,0.0,0.0,0.0,0.0,0.0,0.0,0.0,50.0,,16.0,TaylDa00
Davion Taylor,6-0,228,4.49,35.0,21.0,127.0,6.96,4.26,TaylDa01,3,103,PHI,LB,22,2021.0,0,0,0,3.0,3.0,21.0,0.0,0.0,0.0,0.0,0.0,0.0,0.0,0.0,0.0,0.0,0.0,31.0,,,TaylDa01
Jonathan Taylor,5-10,226,4.39,36.0,17.0,123.0,7.01,4.24,TaylJo02,2,41,IND,RB,21,2022.0,1,1,3,32.0,32.0,43.0,0.0,0.0,0.0,0.0,0.0,756.0,3841.0,33.0,104.0,802.0,3.0,,,,TaylJo02
Andrew Thomas,6-5,315,5.22,30.5,21.0,109.0,7.58,4.66,ThomAn02,1,4,NYG,T,21,2022.0,0,0,3,22.0,22.0,45.0,0.0,0.0,0.0,0.0,0.0,0.0,0.0,0.0,1.0,2.0,1.0,7.0,,,ThomAn02
Daniel Thomas,5-10,215,4.51,37.0,24.0,125.0,,,ThomDa07,5,157,JAX,S,22,2022.0,0,0,0,3.0,3.0,41.0,0.0,0.0,0.0,0.0,0.0,0.0,0.0,0.0,0.0,0.0,0.0,38.0,1.0,,ThomDa07
Stantley Thomas-Oliver,6-0,192,4.48,34.0,,127.0,,,ThomSt00,7,221,CAR,CB,22,2022.0,0,0,0,2.0,2.0,25.0,0.0,0.0,0.0,0.0,0.0,0.0,0.0,0.0,0.0,0.0,0.0,12.0,,,ThomSt00
Casey Toohill,6-4,250,4.62,39.0,17.0,126.0,7.08,4.21,ToohCa00,7,233,PHI,DE,24,2022.0,0,0,0,6.0,0.0,41.0,0.0,0.0,0.0,0.0,0.0,0.0,0.0,0.0,0.0,0.0,0.0,29.0,,2.0,ToohCa00
Adam Trautman,6-5,255,4.8,34.5,18.0,114.0,6.78,4.27,TrauAd00,3,105,NOR,TE,23,2022.0,0,0,1,6.0,6.0,43.0,0.0,0.0,0.0,0.0,0.0,0.0,0.0,0.0,60.0,641.0,4.0,2.0,,,TrauAd00
Derrek Tuszka,6-4,251,4.79,33.5,24.0,120.0,6.87,4.34,TuszDe00,7,254,DEN,LB,24,2022.0,0,0,0,3.0,1.0,39.0,0.0,0.0,0.0,0.0,0.0,0.0,0.0,0.0,0.0,0.0,0.0,21.0,,2.0,TuszDe00
Josh Uche,6-1,245,,,18.0,,,,UcheJo00,2,60,NWE,LB,21,2022.0,0,0,0,5.0,5.0,36.0,0.0,0.0,0.0,0.0,0.0,0.0,0.0,0.0,0.0,0.0,0.0,40.0,,15.5,UcheJo00
Ke'Shawn Vaughn,5-10,214,4.51,32.0,,117.0,,,VaugKe00,3,76,TAM,RB,23,2022.0,0,0,0,2.0,2.0,37.0,0.0,0.0,0.0,0.0,0.0,79.0,342.0,2.0,12.0,79.0,1.0,,,,VaugKe00
Kindle Vildor,5-10,191,4.44,39.5,22.0,133.0,7.14,4.28,VildKi00,5,163,CHI,CB,22,2022.0,0,0,2,7.0,7.0,44.0,0.0,0.0,0.0,0.0,0.0,0.0,0.0,0.0,0.0,0.0,0.0,67.0,1.0,1.0,VildKi00
Mykal Walker,6-3,230,4.65,33.0,20.0,122.0,7.09,4.25,WalkMy00,4,119,ATL,LB,23,2022.0,0,0,2,11.0,11.0,49.0,0.0,0.0,0.0,0.0,0.0,0.0,0.0,0.0,0.0,0.0,0.0,104.0,3.0,1.0,WalkMy00
K'Von Wallace,5-11,206,4.53,38.0,18.0,133.0,6.76,4.15,WallKV00,4,127,PHI,S,23,2022.0,0,0,0,4.0,4.0,45.0,0.0,0.0,0.0,0.0,0.0,0.0,0.0,0.0,0.0,0.0,0.0,48.0,,,WallKV00
Prince Tega Wanogho,6-5,308,,,,,,,WanoTe00,6,210,PHI,T,22,2022.0,0,0,0,1.0,0.0,20.0,0.0,0.0,0.0,0.0,0.0,0.0,0.0,0.0,0.0,0.0,0.0,,,,WanoTe00
Quez Watkins,6-0,185,4.35,36.5,,125.0,7.28,4.36,WatkQu00,6,200,PHI,WR,22,2022.0,0,0,1,12.0,12.0,40.0,0.0,0.0,0.0,0.0,0.0,4.0,4.0,0.0,83.0,1107.0,5.0,4.0,,,WatkQu00
Curtis Weaver,6-2,265,,32.5,,116.0,7.0,4.27,WeavCu00,5,164,MIA,DE,22,2021.0,0,0,0,0.0,,1.0,0.0,0.0,0.0,0.0,0.0,0.0,0.0,0.0,0.0,0.0,0.0,,,,WeavCu00
Evan Weaver,6-2,237,4.76,32.0,15.0,117.0,7.02,4.21,WeavEv00,6,202,ARI,LB,22,,0,0,0,,,,,,,,,,,,,,,,,,WeavEv00
Kenny Willekes,6-3,264,4.87,32.5,32.0,119.0,7.39,,WillKe06,7,225,MIN,DE,23,2021.0,0,0,0,1.0,1.0,6.0,0.0,0.0,0.0,0.0,0.0,0.0,0.0,0.0,0.0,0.0,0.0,11.0,,2.5,WillKe06
Isaiah Wilson,6-6,350,5.32,29.0,26.0,110.0,8.26,5.07,WilsIs00,1,29,TEN,T,21,2020.0,0,0,0,0.0,0.0,1.0,0.0,0.0,0.0,0.0,0.0,0.0,0.0,0.0,0.0,0.0,0.0,,,,WilsIs00
Logan Wilson,6-2,241,4.63,32.0,21.0,121.0,7.07,4.27,WilsLo00,3,65,CIN,LB,24,2022.0,0,0,2,17.0,17.0,40.0,0.0,0.0,0.0,0.0,0.0,0.0,0.0,0.0,0.0,0.0,0.0,163.0,7.0,4.5,WilsLo00
Tristan Wirfs,6-5,320,4.85,36.5,24.0,121.0,7.65,4.68,WirfTr00,1,13,TAM,T,21,2022.0,1,2,3,36.0,36.0,46.0,0.0,0.0,0.0,0.0,0.0,0.0,0.0,0.0,0.0,0.0,0.0,1.0,,,WirfTr00
Charlie Woerner,6-5,244,4.78,34.5,21.0,120.0,7.18,4.46,WoerCh00,6,190,SFO,TE,22,2022.0,0,0,0,0.0,0.0,48.0,0.0,0.0,0.0,0.0,0.0,0.0,0.0,0.0,8.0,88.0,0.0,11.0,,,WoerCh00
D.J. Wonnum,6-5,258,4.73,34.5,20.0,123.0,7.25,4.44,WonnDJ00,4,117,MIN,DE,22,2022.0,0,0,1,11.0,11.0,47.0,0.0,0.0,0.0,0.0,0.0,0.0,0.0,0.0,0.0,0.0,0.0,72.0,,15.0,WonnDJ00
Chase Young,6-5,264,,,,,,,YounCh04,1,2,WAS,DE,21,2022.0,0,1,1,19.0,19.0,27.0,0.0,0.0,0.0,0.0,0.0,0.0,0.0,0.0,0.0,0.0,0.0,50.0,,9.0,YounCh04
Jabari Zuniga,6-3,264,4.64,33.0,29.0,127.0,,,ZuniJa00,3,79,NYJ,DE,23,2022.0,0,0,0,1.0,1.0,12.0,0.0,0.0,0.0,0.0,0.0,0.0,0.0,0.0,0.0,0.0,0.0,6.0,,1.0,ZuniJa00
